{
  "Score": {
    "mean": 169984123256867.16,
    "std": 9717789968821106.0
  },
  "Ts": {
    "mean": 169984123256870.0,
    "std": 9717789968821106.0
  },
  "avgTs": {
    "mean": 169984123256870.0,
    "std": 9717789968821106.0
  },
  "compVolPct": {
    "mean": NaN,
    "std": 1.0
  },
  "compSentPct": {
    "mean": NaN,
    "std": 1.0
  },
  "TVolComp": {
    "mean": NaN,
    "std": 1.0
  },
  "MVolComp": {
    "mean": NaN,
    "std": 1.0
  },
  "close": {
    "mean": 211.5778910262568,
    "std": 111.55205478727737
  },
  "volume": {
    "mean": 62722667.34305643,
    "std": 100939994.00814554
  },
  "ret1": {
    "mean": 0.13248840880368576,
    "std": 1.973201512437478
  }
}