{
  "open": {
    "mean": 60.37024483320921,
    "std": 198.73108784272293
  },
  "high": {
    "mean": 61.239845062314984,
    "std": 201.0582922395604
  },
  "low": {
    "mean": 59.3697330729125,
    "std": 196.17000597960183
  },
  "close": {
    "mean": 60.27737415486383,
    "std": 198.60540481912636
  },
  "volume": {
    "mean": 2437089.625737485,
    "std": 11569881.35443432
  },
  "peRatio": {
    "mean": 0,
    "std": 0
  },
  "earningsGrowth": {
    "mean": 0,
    "std": 0
  },
  "debtToEquity": {
    "mean": 0,
    "std": 0
  },
  "revenue": {
    "mean": 0,
    "std": 0
  },
  "netIncome": {
    "mean": 0,
    "std": 0
  },
  "SMA20": {
    "mean": 28.42727126145209,
    "std": 139.06484712332937
  },
  "RSI14": {
    "mean": 27.1920760003915,
    "std": 24.216338897933795
  },
  "MACD": {
    "mean": -0.3365391036517519,
    "std": 2.764256145204589
  }
}