{
  "open": {
    "mean": 47.0584943700891,
    "std": 163.7270222110151
  },
  "high": {
    "mean": 48.0292895344997,
    "std": 166.6098571161477
  },
  "low": {
    "mean": 46.14162086559858,
    "std": 161.08115852183175
  },
  "close": {
    "mean": 47.12878979595217,
    "std": 163.93563544861223
  },
  "volume": {
    "mean": 2502870.7102703108,
    "std": 15362012.293144498
  },
  "peRatio": {
    "mean": 0,
    "std": 1
  },
  "earningsGrowth": {
    "mean": 0,
    "std": 1
  },
  "debtToEquity": {
    "mean": 0,
    "std": 1
  },
  "revenue": {
    "mean": 0,
    "std": 1
  },
  "netIncome": {
    "mean": 0,
    "std": 1
  },
  "SMA20": {
    "mean": 18.938887776942227,
    "std": 106.49936225267417
  },
  "RSI14": {
    "mean": 23.395320982963394,
    "std": 23.711664698443027
  },
  "MACD": {
    "mean": 22.05271963392061,
    "std": 115.43325602475237
  },
  "dailySentiment": {
    "mean": 0.1904632977939873,
    "std": 1.0000067973092404
  },
  "tariffEvent": {
    "mean": 0.005925298910168236,
    "std": 0.07674757157710739
  },
  "earningsEvent": {
    "mean": 0.035632706156211294,
    "std": 0.18537264201666642
  },
  "mergerEvent": {
    "mean": 0.011850597820336472,
    "std": 0.10821349801051229
  },
  "regulationEvent": {
    "mean": 0.018553903415138143,
    "std": 0.13494315871222812
  }
}